"name","country","pop","elev","lat","lon"
"Aleppo","Syrian Arab Republic",2098210,401,36.20124,37.16117
"Ar Raqqah","Syrian Arab Republic",531952,259,35.95283,39.00788
"Saint Petersburg","Russian Federation",5351935,11,59.93863,30.31413
"Astrakhan","Russian Federation",533925,-12,46.34968,48.04076
"Shah Alam","Malaysia",740750,53,3.08507,101.53281
"Semarang","Indonesia",1653524,18,-6.99306,110.42083
"Vadodara","India",1822221,46,22.29941,73.20812
"Sāngli","India",601214,553,16.85438,74.56417
"Guwahati","India",899094,59,26.1844,91.7458
"Prayagraj","India",1073438,99,25.44478,81.84322
"Alīgarh","India",753207,189,27.88145,78.07464
"Kermanshah","Iran, Islamic Rep. of",621100,1392,34.31417,47.065
"Sydney","Australia",5231147,58,-33.86785,151.20732
"Khulna","Bangladesh",1500689,8,22.80979,89.56439
"Johannesburg","South Africa",5635127,1767,-26.20227,28.04363
"Anyang","China",1146839,70,36.096,114.38278
"Qinhuangdao","China",759718,6,39.93167,119.58833
"Nanyang","China",1811812,131,32.99472,112.53278
"Meizhou","China",992351,84,24.28859,116.11767999999999
"Jinhua","China",1463990,55,29.10678,119.64421
"Yangjiang","China",1292987,15,21.85563,111.96272
"Dongguan","China",9644871,1,23.01797,113.74866
"Beijing","China",18960744,49,39.9075,116.39723
"Banan","China",508703,216,29.37861,106.54
"Wanzhou","China",723215,205,30.76451,108.39586
"Paris","France",2138551,42,48.85341,2.3488
"Charlotte","United States",874579,272,35.22709,-80.84313
"Manhattan","United States",1487536,38,40.78343,-73.96625
"Brisbane","Australia",2582007,27,-27.46794,153.02809
"Kota Bharu","Malaysia",568900,10,6.12361,102.24333
"Muscat","Oman",797000,14,23.58413,58.40778
"Kakamega","Kenya",1867579,1563,0.28422,34.75229
"Agadir","Morocco",698310,31,30.42018,-9.59815
"Ulan Bator","Mongolia",844818,1284,47.90771,106.88324
"Rasht","Iran, Islamic Rep. of",594590,4,37.27611,49.58862
"Orūmīyeh","Iran, Islamic Rep. of",577307,1350,37.55274,45.07605
"Zahedan","Iran, Islamic Rep. of",551980,1380,29.4963,60.8629
"Volgograd","Russian Federation",1013533,65,48.71939,44.50183
"Ulyanovsk","Russian Federation",626540,176,54.32824,48.38657
"Khabarovsk","Russian Federation",618150,76,48.48271,135.08379
"Irkutsk","Russian Federation",623869,428,52.29778,104.29639
"Rahim Yar Khan","Pakistan",788915,85,28.41987,70.30345
"Paranaque City","Philippines",689992,22,14.48156,121.01749
"Xuchang","China",1265536,71,34.03189,113.86299
"Xi’an","China",9600000,416,34.25833,108.92861
"Changde","China",1457419,38,29.03205,111.69844
"Shaoguan","China",1028460,69,24.8,113.58333
"Jilin","China",1895865,196,43.85083,126.56028
"Cartagena","Colombia",914552,34,10.39972,-75.51444
"Natal","Brazil",896708,32,-5.795,-35.20944
"Guarulhos","Brazil",1169577,774,-23.46278,-46.53333
"Manaus","Brazil",2219580,20,-3.10194,-60.025
"Jaboatão dos Guararapes","Brazil",630008,48,-8.11278,-35.01472
"Edmonton","Canada",1010899,610,53.55014,-113.46871
"Santiago de los Caballeros","Dominican Republic",1200000,199,19.4517,-70.69703
"Algiers","Algeria",2364230,113,36.73225,3.08746
"Alexandria","Egypt",5263542,9,31.20176,29.91582
"Kananga","Congo, Democratic Republic of the",1247168,643,-5.89624,22.41659
"Kowloon","Hong Kong, China",2303100,92,22.31667,114.18333
"Balikpapan","Indonesia",695287,67,-1.26753,116.82887
"Nashik","India",1289497,584,19.99727,73.79096
"Lucknow","India",2472011,126,26.83928,80.92313
"Karol Bāgh","India",505241,231,28.65136,77.19072
"Libreville","Gabon",846090,8,0.39241,9.45356
"Glasgow","United Kingdom",626410,40,55.86515,-4.25763
"Daejeon","Korea, Republic of",1469543,58,36.34913,127.38493
"Mérida","Mexico",1201000,14,20.97537,-89.61696
"Turin","Italy",847287,245,45.07049,7.68682
"Medan","Indonesia",2435252,26,3.58333,98.66667
"Raipur","India",679995,296,21.23333,81.63333
"Morādābād","India",721139,205,28.83893,78.776840000000007
"Edinburgh","United Kingdom",506520,66,55.95206,-3.19648
"Bengaluru","India",8443675,914,12.97194,77.59369
"Shivaji Nagar","India",1000000,559,18.53017,73.85263
"Okayama","Japan",720841,5,34.65,133.93333
"Monterrey","Mexico",1135512,543,25.67507,-100.31847
"Adana","Turkey",1779463,30,36.98615,35.32531
"Taipei","Taiwan, China",7871900,10,25.04776,121.53185
"Voronezh","Russian Federation",1047549,156,51.67204,39.1843
"Vladivostok","Russian Federation",604901,40,43.10562,131.87353
"Las Vegas","United States",623747,613,36.17497,-115.13722
"Namangan","Uzbekistan",1010000,442,40.9983,71.67257
"Yaoundé","Cameroon",1299369,726,3.86667,11.51667
"Zhangzhou","China",589831,14,24.51333,117.65556
"Yangquan","China",731228,722,37.8575,113.56333
"Sanya","China",1031396,1,18.25435,109.50947
"Qingyuan","China",1738424,11,23.7,113.03333
"Ji’an","China",538699,72,27.11716,114.97927
"Haikou","China",2873358,9,20.03421,110.34651
"Foshan","China",9042509,5,23.02677,113.13148
"Beihai","China",525329,-9999,21.48349,109.11549
"Ordos","China",1940653,1310,39.6086,109.78157
"Santo Domingo","Dominican Republic",2201941,24,18.47186,-69.89232
"Hamilton","Canada",519949,95,43.25011,-79.84963
"Sharjah","United Arab Emirates",1274749,6,25.33737,55.41206
"Al Ain City","United Arab Emirates",846747,275,24.19167,55.76056
"Perth","Australia",2192229,34,-31.95224,115.8614
"Battagram","Pakistan",700000,1031,34.67719,73.02329
"Copenhagen","Denmark",1153615,14,55.67594,12.56553
"Tangerang","Indonesia",1911914,18,-6.17806,106.63
"Jepara","Indonesia",1257912,5,-6.5924,110.671
"Varanasi","India",1164404,86,25.31668,83.01041
"Puducherry","India",657209,11,11.93381,79.82979
"Bhopāl","India",1599914,523,23.25469,77.40289
"Agra","India",1430055,166,27.18333,78.01667
"Kanayannur","India",851406,1,9.96667,76.26667
"Kirkuk","Iraq",1031000,346,35.46806,44.39222
"Al Mawşil al Jadīdah","Iraq",2065597,239,36.33271,43.10555
"Xinyang","China",1230042,89,32.12278,114.06556
"Weinan","China",1199290,354,34.50355,109.50891
"Wanning","China",545992,15,18.79931,110.3841
"Shijiazhuang","China",3938513,77,38.04139,114.47861
"Laiwu","China",989535,182,36.19278,117.65694
"Hengyang","China",1075516,66,26.88946,112.61888
"Changchun","China",4714996,206,43.88,125.32278
"Puyang","China",655674,56,35.76318,115.01721
"Ibagué","Colombia",529635,1229,4.43889,-75.23222
"Las Piñas","Philippines",590000,17,14.45056,120.98278
"Yangon","Myanmar",4477638,30,16.80528,96.15611
"Reynosa","Mexico",589466,49,26.08061,-98.28835
"Ipoh","Malaysia",840000,45,4.5841,101.0829
"Kuantan","Malaysia",548014,12,3.8077,103.326
"Maiduguri","Nigeria",1110000,325,11.84692,13.15712
"Kathmandu","Nepal",1442271,1296,27.70169,85.3206
"Touba","Senegal",753315,46,14.85,-15.88333
"Damascus","Syrian Arab Republic",1569394,701,33.5102,36.29128
"Tunis","Tunisia",693210,23,36.81897,10.16579
"Haiphong","Viet Nam",841520,12,20.86481,106.68345
"Port Elizabeth","South Africa",1050078,61,-33.96109,25.61494
"Cape Town","South Africa",4710000,25,-33.92584,18.42322
"Rostov-na-Donu","Russian Federation",1130305,74,47.23135,39.72328
"Ha'il","Saudi Arabia",605930,1002,27.52188,41.69073
"Ziyang","China",905729,365,30.12108,104.64811
"Yinchuan","China",1487579,1117,38.46806,106.27306
"Zhangjiagang","China",1432044,13,31.865,120.53889
"Shanghai","China",22315474,12,31.22222,121.45806
"Jieyang","China",1899394,7,23.5418,116.36581
"Longyan","China",1025087,318,25.07485,117.01775
"Dandong","China",631973,10,40.12917,124.39472
"Frankfurt am Main","Germany",650000,113,50.11552,8.68417
"Port Said","Egypt",780515,16,31.26531,32.3019
"Assiut","Egypt",528669,56,27.18096,31.18368
"Rome","Italy",2318895,52,41.89193,12.51133
"Budapest","Hungary",1741041,104,47.49835,19.04045
"Pontianak","Indonesia",658685,2,-0.03194,109.325
"Vijayawada","India",874587,47,16.50745,80.6466
"Teni","India",1034724,300,10.01115,77.47772
"Narela","India",800000,219,28.85267,77.09288
"Chennai","India",4681087,14,13.08784,80.27847
"Tehran","Iran, Islamic Rep. of",7153309,1178,35.69439,51.42151
"Guadalajara","Mexico",1385629,1598,20.66682,-103.39182
"Onitsha","Nigeria",1553000,57,6.14978,6.78569
"Calabar","Nigeria",540000,37,4.95893,8.32695
"Malatya","Turkey",806156,963,38.35018,38.31667
"Arusha","Tanzania, United Republic of",617631,1415,-3.36667,36.68333
"Lviv","Ukraine",717273,284,49.83826,24.02324
"Kyiv","Ukraine",2797553,187,50.45466,30.5238
"Detroit","United States",677116,192,42.33143,-83.04575
"Austin","United States",931830,165,30.26715,-97.74306
"Jaboatão","Brazil",702621,88,-8.18028,-35.00139
"Londrina","Brazil",588125,605,-23.31028,-51.16278
"Aracaju","Brazil",664908,11,-10.91111,-37.07167
"Brampton","Canada",593638,221,43.68341,-79.76633
"Benguela","Angola",555124,11,-12.57626,13.40547
"Aden","Yemen",863000,16,12.77944,45.03667
"Kobe","Japan",1522188,35,34.6913,135.183
"Phnom Penh","Cambodia",1573544,20,11.56245,104.91601
"Nouakchott","Mauritania",1184530,10,18.08581,-15.9785
"Puebla","Mexico",1692181,2143,19.03793,-98.20346
"Takeo","Cambodia",843931,12,10.99081,104.78498
"Daegu","Korea, Republic of",2566540,45,35.87028,128.59111
"Vilnius","Lithuania",542366,98,54.68916,25.2798
"Oujda","Morocco",539711,549,34.68139,-1.90858
"Ciudad Nezahualcoyotl","Mexico",1104585,2235,19.40061,-99.01483
"Mexicali","Mexico",1032686,4,32.62781,-115.45446
"Ciudad Juárez","Mexico",1501551,1124,31.72024,-106.46084
"Kampung Baru Subang","Malaysia",833571,27,3.15,101.53333
"Subang Jaya","Malaysia",708296,41,3.04384,101.58062
"Maputo","Mozambique",1254837,70,-25.96553,32.58322
"Callao","Peru",1300000,27,-12.05659,-77.11814
"Cebu City","Philippines",964169,37,10.31672,123.89071
"Bandung","Indonesia",2444160,714,-6.92222,107.60694
"Ranchi","India",1120374,643,23.34316,85.3094
"Jalandhar","India",785178,243,31.32556,75.57917
"Hyderābād","India",6809970,515,17.38405,78.45636
"Bhayandar","India",520301,9,19.30157,72.851070000000007
"Bareilly","India",745435,178,28.36678,79.43167
"Kumamoto","Japan",738907,9,32.80589,130.69181
"Tashkent","Uzbekistan",1978028,424,41.26465,69.21627
"Maturín","Venezuela, Bolivarian Rep. of",647459,71,9.74569,-63.18323
"Hanoi","Viet Nam",8053663,10,21.0245,105.84117
"Santo Domingo Oeste","Dominican Republic",701269,58,18.5,-70
"Málaga","Spain",578460,22,36.72016,-4.42034
"Brooklyn","United States",2736074,18,40.6501,-73.94958
"Istanbul","Turkey",14804116,39,41.01384,28.94966
"Taichung","Taiwan, China",1040725,91,24.1469,120.6839
"Lipetsk","Russian Federation",509735,158,52.60311,39.57076
"Donetsk","Ukraine",901645,223,48.023,37.80224
"Yuncheng","China",680036,361,35.02306,110.99278
"Tangshan","China",3372102,36,39.63333,118.18333
"Neijiang","China",1251095,349,29.58354,105.06216
"Linfen","China",959198,451,36.08889,111.51889
"Yiwu","China",1481384,84,29.31506,120.07676
"Qiqihar","China",882364,146,47.33922,123.96154
"Baotou","China",2150000,1064,40.6516,109.84389
"Zhu Cheng City","China",1000000,67,35.99502,119.40259
"Xuzhou","China",1253991,35,34.20442,117.28386
"Cúcuta","Colombia",777106,309,7.89391,-72.50782
"Aparecida de Goiânia","Brazil",510770,829,-16.82333,-49.24389
"Vancouver","Canada",600000,70,49.24966,-123.11934
"Luanda","Angola",2776168,73,-8.83682,13.23432
"Bukavu","Congo, Democratic Republic of the",816811,1631,-2.49077,28.84281
"Kinshasa","Congo, Democratic Republic of the",16000000,281,-4.32758,15.31357
"Nakuru","Kenya",570674,1802,-0.30719,36.07225
"Riga","Latvia",742572,6,56.946,24.10589
"Rabat","Morocco",1655753,46,34.01325,-6.83255
"Blantyre","Malawi",902588,1041,-15.78499,35.008540000000004
"Santa María Chimalhuacán","Mexico",612383,2249,19.42155,-98.95038
"Johor Bahru","Malaysia",858118,32,1.4655,103.7578
"Owerri","Nigeria",545000,73,5.48363,7.03325
"Zarqa","Jordan",792665,625,32.07275,36.08796
"Bekasi","Indonesia",2564940,18,-6.2349,106.9896
"Nanded","India",550564,363,19.16023,77.31497
"Gwalior","India",882458,220,26.22983,78.17337
"Gorakhpur","India",674246,83,26.76628,83.36889
"Dombivli","India",1193000,11,19.21667,73.08333
"Kallakurichi","India",1682687,124,11.73379,78.95925
"Pasragad Branch","Iran, Islamic Rep. of",787878,2010,34.77772,48.47168
"Tegucigalpa","Honduras",850848,944,14.0818,-87.20681
"Mwanza","Tanzania, United Republic of",1104521,1144,-2.51667,32.9
"Jacksonville","United States",954614,12,30.33218,-81.65565
"Ürümqi","China",3029372,862,43.80096,87.60046
"Zhuhai","China",2207090,35,22.27694,113.56778
"Qingdao","China",7172451,16,36.06488,120.38042
"Sofia","Bulgaria",1152556,562,42.69751,23.32415
"Nova Iguaçu","Brazil",823302,36,-22.75917,-43.45111
"Huambo","Angola",595304,1716,-12.77611,15.73917
"Buenos Aires","Argentina",2891082,31,-34.61315,-58.37723
"Köln","Germany",963395,58,50.93333,6.95
"Nürnberg","Germany",515543,300,49.45421,11.07752
"Kalininskiy","Russian Federation",504641,34,59.99675,30.3899
"Sulţānah","Saudi Arabia",946697,597,24.49258,39.58572
"Mersin","Turkey",537842,10,36.81196,34.63886
"Villa Nueva","Guatemala",618397,1331,14.52512,-90.58544
"Duisburg","Germany",504358,38,51.43247,6.76516
"Berlin","Germany",3426354,43,52.52437,13.41053
"Guayaquil","Ecuador",2723665,14,-2.19616,-79.88621
"Pimpri","India",1284606,571,18.62292,73.80696
"Malingao","Philippines",1121974,5,7.16083,124.475
"Hyderabad","Pakistan",1386330,14,25.39689,68.37718
"Warsaw","Poland",1702139,113,52.22977,21.01178
"Göteborg","Sweden",587549,10,57.70716,11.96679
"Van","Turkey",525016,1708,38.49457,43.38323
"Bursa","Turkey",3101833,155,40.19559,29.06013
"Dar es Salaam","Tanzania, United Republic of",5383728,24,-6.82349,39.26951
"Novosibirsk","Russian Federation",1612833,164,55.0415,82.9346
"Yulin","China",1056743,87,22.6305,110.14686
"Nanjing","China",9314685,22,32.06167,118.77778
"Kaifeng","China",1451741,76,34.7986,114.30742
"Heze","China",1346717,53,35.23929,115.47358
"Zhongshan","China",3841873,9,22.52306,113.37912
"Bobo-Dioulasso","Burkina Faso",904920,423,11.17715,-4.2979
"La Paz","Bolivia",2004652,3782,-16.5,-68.15
"São José dos Campos","Brazil",729737,596,-23.17944,-45.88694
"Florianópolis","Brazil",508826,26,-27.59667,-48.54917
"Cuiabá","Brazil",618124,193,-15.59611,-56.09667
"Calgary","Canada",1019942,1042,51.05011,-114.08529
"Ottawa","Canada",812129,71,45.41117,-75.69812
"Toronto","Canada",2600000,161,43.70643,-79.39864
"Adelaide","Australia",1387290,59,-34.92866,138.59863000000001
"Kisangani","Congo, Democratic Republic of the",1181788,400,0.51528,25.19099
"Chattogram","Bangladesh",3920222,15,22.3384,91.83168
"Sendai","Japan",1096704,53,38.26667,140.86667
"Jeonju","Korea, Republic of",652392,44,35.82194,127.14889
"Almaty","Kazakhstan",1977011,805,43.25,76.91667
"Hāora","India",1027672,8,22.57688,88.31857
"Navi Mumbai","India",2600000,14,19.03681,73.01582
"Kawasaki","Japan",1531646,1,35.52056,139.71722
"Philadelphia","United States",1576251,8,39.95238,-75.16362
"New South Memphis","United States",641608,79,35.08676,-90.05676
"Albuquerque","United States",559121,1513,35.08449,-106.65114
"Oyo","Nigeria",736072,286,7.85367,3.93235
"Akure","Nigeria",730000,353,7.25256,5.19312
"Pasig City","Philippines",617301,63,14.58691,121.0614
"Bucharest","Romania",1877155,83,44.43225,26.10626
"El Paso","United States",681124,1137,31.75872,-106.48693
"Eskişehir","Turkey",898369,794,39.77667,30.52056
"Antalya","Turkey",1344000,61,36.90812,30.69556
"Dnipro","Ukraine",968502,61,48.46664,35.04066
"Nyala","Sudan, The Republic of",565734,661,12.04888,24.88069
"Gwangju","Korea, Republic of",1490092,47,35.15472,126.91556
"Ansan-si","Korea, Republic of",716785,15,37.32361,126.82194
"Casablanca","Morocco",3665954,27,33.58831,-7.61138
"Coyoacán","Mexico",620416,2255,19.3467,-99.16174
"Bogor","Indonesia",1099422,245,-6.59444,106.78917
"Jabalpur","India",1030168,416,23.16697,79.95006
"Bilimora","India",510879,15,20.76957,72.96134
"Shangqiu","China",1536392,51,34.45,115.65
"Zhangye","China",507433,1481,38.93417,100.45167
"Xuanzhou","China",774332,25,30.9525,118.75528
"Xinyu","China",839488,68,27.80429,114.93335
"Xinxiang","China",1047088,82,35.19033,113.80151
"Ankang","China",870126,273,32.68,109.01722
"Wuhu","China",1598165,9,31.35259,118.42947
"Wuhan","China",10392693,20,30.58333,114.26667
"Huai'an","China",2494013,14,33.58861,119.01917
"Nanchang","China",2357839,20,28.68396,115.85306
"Luancheng","China",597130,53,37.88452,114.64629
"Liuzhou","China",1436599,102,24.32405,109.40698
"Guangyuan","China",516424,525,32.44201,105.823
"Hengshui","China",522147,22,37.73908,115.68348
"Bijie","China",1137383,1471,27.30193,105.28627
"Zhoushan","China",882932,2,29.98869,122.20488
"Hegang","China",743307,190,47.34727,130.29033
"E’zhou","China",668727,29,30.39607,114.88655
"Rizhao","China",661943,25,35.41414,119.52908
"Mianzhu, Deyang, Sichuan","China",510000,599,31.33786,104.22057
"Maceió","Brazil",1031597,11,-9.66583,-35.73528
"João Pessoa","Brazil",817511,45,-7.115,-34.86306
"Campos dos Goytacazes","Brazil",511168,13,-21.75227,-41.33044
"Sarajevo","Bosnia and Herzegovina",696731,509,43.84864,18.35644
"Santo Domingo Este","Dominican Republic",700000,46,18.48847,-69.85707
"Al Fayyum","Egypt",519047,29,29.30995,30.8418
"London","United Kingdom",8961989,25,51.50853,-0.12574
"Accra","Ghana",1963264,33,5.55602,-0.1969
"Antwerpen","Belgium",529247,13,51.22047,4.40026
"Fortaleza","Brazil",2400000,18,-3.71722,-38.54306
"Depok","Indonesia",2056400,92,-6.4,106.81861
"Thiruvananthapuram","India",784153,18,8.4855,76.94924
"Madurai","India",1465625,139,9.919,78.11953
"Abū Ghurayb","Iraq",900000,42,33.30563,44.18477
"Karaj","Iran, Islamic Rep. of",1448075,1341,35.83266,50.99155
"Tlalnepantla","Mexico",653410,2260,19.54005,-99.19538
"Port Harcourt","Nigeria",2120000,16,4.77742,7.0134
"Faisalabad","Pakistan",2506595,186,31.41554,73.08969
"Makhachkala","Russian Federation",596356,4,42.97638,47.50236
"Kyoto","Japan",1463723,50,35.02107,135.75385
"Suizhou","China",618582,67,31.71111,113.36306
"Jinjiang","China",1416151,33,24.81978,118.57415
"Puyang","China",3590000,76,29.45679,119.88872
"Jingmen","China",632954,94,31.03361,112.20472
"Huangshi","China",688090,22,30.24706,115.04814
"Huaibei","China",1113321,51,33.97444,116.79167
"Hebi","China",634721,138,35.89917,114.1925
"Benxi","China",987717,212,41.28861,123.765
"Taizhou","China",1485502,15,28.66266,121.43312
"Jinzhong","China",1226617,821,37.68403,112.75471
"Milwaukee","United States",600155,203,43.0389,-87.90647
"Bloemfontein","South Africa",556000,1396,-29.12107,26.214
"Pikine","Senegal",874062,17,14.76457,-17.39071
"Dakar","Senegal",2646503,12,14.6937,-17.44406
"Chicago","United States",2696555,180,41.85003,-87.65005
"Kampala","Uganda",1353189,1223,0.31628,32.58219
"Washington","United States",689545,6,38.89511,-77.03637
"Yongzhou","China",1020715,101,26.42389,111.61306
"Quanzhou","China",1469157,14,24.91389,118.58583
"Nanchong","China",1858875,287,30.79508,106.08473
"Lu’an","China",1644344,81,31.73561,116.51688
"Jiaxing","China",1180000,8,30.7522,120.75
"Huaihua","China",552622,236,27.56337,110.00404
"Fuyang","China",1768947,31,32.9,115.81667
"Changzhi","China",699514,381,35.20889,111.73861
"Anqing","China",804493,19,30.51365,117.04723
"Yingkou","China",591159,4,40.66472,122.23176
"Panshan","China",625040,9,41.18806,122.04944
"Baoji","China",1437802,567,34.36775,107.23705
"Baku","Azerbaijan",1116513,-23,40.37767,49.89201
"Abidjan","Côte d'Ivoire",6321017,50,5.35444,-4.00167
"Mombasa","Kenya",1208333,20,-4.05466,39.66359
"Ulsan","Korea, Republic of",962865,10,35.53722,129.31667
"Ra’s Bayrūt","Lebanon",1251739,35,33.9,35.48333
"Bauchi","Nigeria",693700,623,10.31032,9.84388
"Krasnodar","Russian Federation",899541,28,45.04484,38.97603
"Kirov","Russian Federation",507155,173,58.59665,49.66007
"Cuenca","Ecuador",636996,2543,-2.90055,-79.00453
"Yokohama","Japan",3761630,21,35.43333,139.65
"Tokyo","Japan",8336599,44,35.6895,139.69171
"Addis Ababa","Ethiopia",3860000,2405,9.02497,38.74689
"Guatemala City","Guatemala",994938,1508,14.64072,-90.51327
"Serang","Indonesia",692101,29,-6.11528,106.15417
"Warangal","India",557802,258,18,79.58333
"Tiruchirappalli","India",1022518,79,10.8155,78.69651
"Nowrangapur","India",1220946,578,19.23114,82.54826
"Gorakhpur","India",1324570,218,29.44768,75.67206
"Sambhaji Nagar","India",1016441,588,19.87757,75.34226
"Ajmer","India",517911,475,26.4521,74.63867
"Rohini","India",860000,216,28.74322,77.06778
"Budta","Philippines",1273715,4,7.20417,124.43972
"Łódź","Poland",768755,214,51.77058,19.47395
"Umraniye","Turkey",573265,136,41.01643,29.12476
"Columbus","United States",905748,242,39.96118,-82.99879
"Maracay","Venezuela, Bolivarian Rep. of",1754256,443,10.23535,-67.59113
"Seattle","United States",737015,56,47.60621,-122.33207
"Barquisimeto","Venezuela, Bolivarian Rep. of",1240714,606,10.0647,-69.35703
"Lomé","Togo",749700,13,6.12874,1.22154
"Erzurum","Turkey",767848,1914,39.90861,41.27694
"Kryvyy Rih","Ukraine",603904,95,47.90572,33.39404
"Houston","United States",2304580,30,29.76328,-95.36327
"Shiyan","China",3460000,247,32.6475,110.77806
"Quzhou","China",902767,77,28.95944,118.86861
"Pingliang","China",504848,1354,35.53917,106.68611
"Puning","China",874954,12,23.31072,116.16869
"Jining","China",1241012,43,35.405,116.58139
"Huzhou","China",1015937,6,30.8703,120.0933
"Chizhou","China",615274,21,30.66134,117.47783
"Chengdu","China",13568357,499,30.66667,104.06667
"Cangzhou","China",527681,15,38.31124,116.85334
"Santo André","Brazil",662373,801,-23.66389,-46.53833
"Helsinki","Finland",658864,26,60.16952,24.93545
"Amman","Jordan",1275857,757,31.95522,35.94503
"Samarinda","Indonesia",831460,24,-0.49167,117.14583
"Kalyān","India",1262255,10,19.2437,73.13554
"Jaipur","India",2711758,435,26.91962,75.78781
"Guntur","India",530577,31,16.29974,80.45729
"Bhilai","India",625138,307,21.20919,81.4285
"Bhavnagar","India",605882,24,21.76287,72.15331
"Amrāvati","India",603837,341,20.93333,77.75
"Shiraz","Iran, Islamic Rep. of",1249942,1545,29.61031,52.53113
"Hachiōji","Japan",561344,127,35.65583,139.32389
"Fukuoka","Japan",1603543,3,33.6,130.41667
"Goyang-si","Korea, Republic of",1073069,19,37.65639,126.835
"Monrovia","Liberia",1542549,32,6.30054,-10.7969
"Meknes","Morocco",568295,531,33.89352,-5.54727
"Antananarivo","Madagascar",1349501,1274,-18.91368,47.53613
"Tuxtla","Mexico",604147,526,16.75973,-93.11308
"Abeokuta","Nigeria",735000,64,7.15571,3.34509
"Krasnoyarsk","Russian Federation",1090811,140,56.01839,92.86717
"Valencia","Spain",792492,10,39.47391,-0.37966
"Conakry","Guinea",1928389,13,9.53795,-13.67729
"Montevideo","Uruguay",1270737,34,-34.90328,-56.18816
"Valencia","Venezuela, Bolivarian Rep. of",1619470,457,10.16202,-68.00765
"Bahçelievler","Turkey",576799,73,41.00231,28.8598
"Kharkiv","Ukraine",1433886,113,49.98081,36.25272
"Hermosillo","Mexico",812229,212,29.1026,-110.97732
"Petaling Jaya","Malaysia",902086,45,3.10726,101.60671
"Zaria","Nigeria",980000,644,11.11128,7.7227
"Arequipa","Peru",1008290,2355,-16.39889,-71.535
"Beirut","Lebanon",1916100,40,33.89332,35.50157
"Lilongwe","Malawi",1115815,1056,-13.96692,33.78725
"Ecatepec de Morelos","Mexico",1645352,2306,19.60492,-99.06064
"Cancún","Mexico",628306,11,21.17429,-86.84656
"Cimahi","Indonesia",568400,764,-6.87222,107.5425
"Srinagar","India",975857,1589,34.08565,74.80555
"Durgapur","India",518872,100,23.51583,87.30801
"Isfahan","Iran, Islamic Rep. of",1547164,1578,32.65246,51.67462
"Al Aḩmadī","Kuwait",637411,70,29.07694,48.08389
"Sakai","Japan",782339,2,34.58216,135.46653
"Nagoya","Japan",2191279,23,35.18147,136.90641
"Saratov","Russian Federation",844858,72,51.54056,46.00861
"Multan","Pakistan",1437230,126,30.19679,71.47824
"Korla","China",549324,945,41.76055,86.15231
"Zaozhuang","China",899753,79,34.86472,117.55417
"Xiamen","China",4617251,12,24.47979,118.08187
"Shenzhen","China",17494398,4,22.54554,114.0683
"Pingxiang","China",893550,167,27.61672,113.85353
"Maoming","China",1307802,31,21.66625,110.91364
"Dezhou","China",679535,25,37.44661,116.36706
"Changsha","China",3093980,67,28.19874,112.97087
"Anshun","China",765313,1374,26.25,105.93333
"Siping","China",555609,176,43.16143,124.37785
"Shuangyashan","China",600000,153,46.67686,131.13273
"Jiamusi","China",549549,66,46.797110000000004,130.31118
"Brussels","Belgium",1019022,28,50.85045,4.34878
"Cotonou","Benin",679012,7,6.36536,2.41833
"São Bernardo do Campo","Brazil",743372,796,-23.69389,-46.565
"Porto Alegre","Brazil",1488252,46,-30.03283,-51.23019
"Juiz de Fora","Brazil",573285,707,-21.76417,-43.35028
"Feira de Santana","Brazil",619609,223,-12.26667,-38.96667
"Minsk","Belarus",1742124,222,53.9,27.56667
"San Miguel de Tucumán","Argentina",548866,452,-26.82414,-65.2226
"Lubumbashi","Congo, Democratic Republic of the",2221925,1260,-11.66089,27.47938
"Comilla","Bangladesh",1030000,17,23.46186,91.18503
"Zaporizhzhya","Ukraine",710052,63,47.85167,35.11714
"Antipolo","Philippines",549543,23,14.62578,121.12251
"Bahawalpur","Pakistan",552607,121,29.39779,71.6752
"Kemerovo","Russian Federation",558973,135,55.33333,86.08333
"Leeds","United Kingdom",516298,50,53.79648,-1.54785
"Pyongyang","Korea, Dem. People's Rep. of",3222000,43,39.03385,125.75432
"Shymkent","Kazakhstan",1200000,513,42.3,69.6
"Colombo","Sri Lanka",648034,7,6.93548,79.84868
"Tlalpan","Mexico",574577,2256,19.29513,-99.16206
"Shihezi","China",572772,467,44.3023,86.03694
"Yunfu","China",2612800,67,22.92787,112.03809
"Xiangtan","China",959303,31,27.85,112.9
"Wenchang","China",560894,17,19.55158,110.80279
"Qionghai","China",528238,24,19.2425,110.46417
"Chuzhou","China",782671,24,32.32194,118.29778
"Kano","Nigeria",4910000,484,12.00012,8.51672
"New Kingston","Jamaica",583958,99,18.00747,-76.78319
"Bandar Lampung","Indonesia",1166066,95,-5.42917,105.26111
"Siliguri","India",515574,124,26.71004,88.42851
"Baghdad","Iraq",7216000,41,33.34058,44.40088
"Al Başrah al Qadīmah","Iraq",2015483,7,30.50316,47.81507
"Bouaké","Côte d'Ivoire",832371,339,7.69385,-5.03031
"Abobo","Côte d'Ivoire",1340083,105,5.41613,-4.0159
"N'Djamena","Chad",1359526,299,12.10672,15.0444
"Kayseri","Turkey",1204641,1054,38.73222,35.48528
"Sevastopol","Ukraine",547820,35,44.60795,33.52134
"Mukalla","Yemen",566000,39,14.54248,49.12424
"Harare","Zimbabwe",1542813,1494,-17.82772,31.05337
"Samara","Russian Federation",1163399,117,53.20007,50.15
"Naberezhnyye Chelny","Russian Federation",509870,103,55.72545,52.41122
"Situbondo","Indonesia",685967,36,-7.70623,114.00976
"Padang","Indonesia",909040,6,-0.94924,100.35427
"Kota","India",763088,267,25.18254,75.83907
"Kabul","Afghanistan",4434550,1798,34.52813,69.17233
"Mosul","Iraq",1683000,228,36.335,43.11889
"Basrah","Iraq",1326564,4,30.50852,47.7804
"Qom","Iran, Islamic Rep. of",900000,935,34.6401,50.8764
"Busan","Korea, Republic of",3678555,15,35.10168,129.03004
"Seongnam-si","Korea, Republic of",1031935,80,37.43861,127.13778
"Naucalpan de Juárez","Mexico",792211,2300,19.47851,-99.23963
"Saltillo","Mexico",709671,1592,25.42321,-101.0053
"Malacca","Malaysia",579000,6,2.196,102.2405
"Baltimore","United States",576498,35,39.29038,-76.61219
"San Antonio","United States",1434625,202,29.42412,-98.49363
"Linyi","China",2743843,69,35.06306,118.34278
"Leshan","China",662814,375,29.56227,103.76386
"Hohhot","China",2350000,1051,40.81056,111.65222
"Essen","Germany",593085,83,51.45657,7.01228
"Bremen","Germany",546501,17,53.07582,8.80717
"Belém","Brazil",1499641,15,-1.45583,-48.50444
"Osasco","Brazil",677856,750,-23.5325,-46.79167
"Fes","Morocco",1191905,406,34.03313,-5.00028
"Mexico City","Mexico",12294193,2240,19.42847,-99.12766
"León de los Aldama","Mexico",1721199,1806,21.12908,-101.67374
"Osogbo","Nigeria",645000,336,7.77104,4.55698
"Rotterdam","Netherlands",598199,9,51.9225,4.47917
"Lima","Peru",7737002,152,-12.04318,-77.02824
"Port-au-Prince","Haiti",1234742,27,18.54349,-72.33881
"Surat","India",4591246,20,21.19594,72.83023
"Jodhpur","India",921476,237,26.26841,73.00594
"Bīkaner","India",576015,229,28.01762,73.31495
"Yichun","China",1045952,99,27.83333,114.4
"Taiyuan","China",4303673,795,37.86944,112.56028
"Suining","China",656760,291,30.50802,105.57332
"Guankou","China",1380000,79,28.15861,113.62709
"Langfang","China",868066,19,39.52079,116.71471
"Jinan","China",4335989,32,36.66833,116.99722
"Guli","China",536000,121,28.88162,120.03308
"Guigang","China",1086327,40,23.11603,109.59472
"Dalian","China",4913879,33,38.91222,121.60222
"Chongqing","China",7457599,289,29.56026,106.55771
"Bozhou","China",1409436,40,33.87722,115.77028
"Bogotá","Colombia",7674366,2582,4.60971,-74.08175
"Santiago de Cuba","Cuba",555865,46,20.02083,-75.82667
"Dresden","Germany",556227,116,51.05089,13.73832
"Quito","Ecuador",2781641,2854,-0.22985,-78.52495
"Tanta","Egypt",576648,18,30.78847,31.00192
"Shubrā al Khaymah","Egypt",1240289,26,30.12511,31.25053
"Cairo","Egypt",9606916,23,30.06263,31.24967
"Al Maḩallah al Kubrá","Egypt",592573,17,30.97063,31.1669
"Birmingham","United Kingdom",1144919,149,52.48142,-1.89983
"Homyel'","Belarus",526872,138,52.4345,30.9754
"Winnipeg","Canada",749607,245,49.8844,-97.14704
"Quezon City","Philippines",2761720,49,14.6488,121.0509
"Üsküdar","Turkey",524452,41,41.02274,29.01366
"Bağcılar","Turkey",749024,105,41.03903,28.85671
"Mbeya","Tanzania, United Republic of",541603,1697,-8.9,33.45
"Chelyabinsk","Russian Federation",1202371,219,55.15402,61.42915
"New York City","United States",8804190,57,40.71427,-74.00597
"Portland","United States",652503,15,45.52345,-122.67621
"Bulawayo","Zimbabwe",1200337,1348,-20.15,28.58333
"Manila","Philippines",1600000,13,14.6042,120.9822
"Calamba","Philippines",539671,16,14.21167,121.16528
"Lahore","Pakistan",6310888,216,31.558,74.35071
"San Francisco","United States",864816,28,37.77493,-122.41942
"South Boston","United States",571281,20,42.33343,-71.04949
"Dallas","United States",1300092,139,32.78306,-96.80667
"Hamhŭng","Korea, Dem. People's Rep. of",559056,16,39.91833,127.53639
"Seoul","Korea, Republic of",10349312,38,37.566,126.9784
"Benghazi","Libyan Arab Jamahiriya",757490,3,32.11486,20.06859
"Shizuoka","Japan",690881,23,34.98333,138.38333
"Sheffield","United Kingdom",556500,75,53.38297,-1.4659
"Camayenne","Guinea",1871242,6,9.535,-13.68778
"Zagreb","Croatia",663592,135,45.81444,15.97798
"Meerut","India",1223184,228,28.98002,77.70636
"Hubli","India",840214,620,15.34776,75.13378
"Āzādshahr","Iran, Islamic Rep. of",514102,1853,34.79049,48.57011
"Himeji","Japan",525682,8,34.81667,134.7
"Douala","Cameroon",1338082,19,4.04827,9.70428
"Kashgar","China",506640,1297,39.47066,75.98951
"Zibo","China",3129228,51,36.79056,118.06333
"Tianshui","China",1212791,1153,34.57952,105.74238
"Laibin","China",910282,72,23.74743,109.22222
"Deyang","China",735070,501,31.13019,104.38198
"Baoding","China",2739887,15,38.87288,115.46246
"Cali","Colombia",2392877,967,3.43722,-76.5225
"Leipzig","Germany",504971,116,51.33962,12.37129
"Hannover","Germany",515140,57,52.37052,9.73322
"Düsseldorf","Germany",620523,45,51.22172,6.77616
"Kikwit","Congo, Democratic Republic of the",509367,466,-5.04098,18.81619
"Teresina","Brazil",871126,87,-5.08917,-42.80194
"Dubai","United Arab Emirates",3478300,24,25.07725,55.30927
"Matola","Mozambique",1198988,42,-25.96222,32.45889
"Enugu","Nigeria",950000,192,6.44132,7.49883
"Penza","Russian Federation",523553,150,53.20066,45.00464
"Tabuk","Saudi Arabia",667000,768,28.3998,36.57151
"Riyadh","Saudi Arabia",4205961,612,24.68773,46.72185
"Yekaterinburg","Russian Federation",1495066,255,56.8519,60.6122
"Borama","Somalia",597842,1468,9.93611,43.18278
"Dushanbe","Tajikistan",679400,767,38.53575,68.77905
"Gaziantep","Turkey",1808948,842,37.05944,37.3825
"Dammam","Saudi Arabia",1252523,10,26.43442,50.10326
"Zhuzhou","China",1129687,54,27.83333,113.15
"Yancheng","China",1615717,3,33.3575,120.1573
"Xining","China",1677177,2275,36.62554,101.75739
"Tanggu","China",535298,6,39.02111,117.64694
"Shantou","China",3838900,3,23.35489,116.67876
"Shangluo","China",531696,702,33.86667,109.93056
"Putian","China",1539389,23,25.43944,119.01028
"Luzhou","China",998900,256,28.8903,105.42575
"Lanzhou","China",3000000,1521,36.05701,103.83987
"Yiyang","China",1249807,25,28.58917,112.32833
"Chenzhou","China",822534,180,25.8,113.03333
"Baise","China",686078,144,23.89013,106.62684
"Suzhou","China",6715559,10,31.30408,120.59538
"Shenyang","China",7050000,53,41.79222,123.43278
"Daqing","China",1604027,146,46.58333,125
"Brasília","Brazil",2207718,1136,-15.77972,-47.92972
"Hamburg","Germany",1845229,9,53.55073,9.99302
"Bangui","Central African Republic",812407,351,4.36122,18.55496
"Bishkek","Kyrgyzstan",900000,767,42.87,74.59
"Álvaro Obregón","Mexico",726664,2338,19.35867,-99.20329
"Klang","Malaysia",879867,5,3.03667,101.44333
"Irbid","Jordan",569068,570,32.55556,35.85
"Muzaffarābād","Pakistan",725000,739,34.37002,73.47082
"Kotli","Pakistan",640000,609,33.51836,73.9022
"Asunción","Paraguay",1482200,113,-25.28646,-57.647
"Makassar","Indonesia",1423877,6,-5.14861,119.43194
"Dublin","Ireland",1024027,17,53.33306,-6.24889
"Salem","India",917414,283,11.65376,78.15538
"Nagpur","India",2228018,319,21.14631,79.08491
"Kolhāpur","India",516142,559,16.69563,74.23167
"Cuttack","India",580000,30,20.46497,85.87927
"Abu Dhabi","United Arab Emirates",1807000,6,24.45118,54.39696
"Rosario","Argentina",948312,38,-32.94682,-60.63932
"Taguig","Philippines",644473,5,14.5243,121.0792
"Lisbon","Portugal",517802,45,38.71667,-9.13333
"Morelia","Mexico",743275,1917,19.70078,-101.18443
"Guadalupe","Mexico",673616,497,25.67678,-100.25646
"Victoria de Durango","Mexico",518709,1884,24.02032,-104.65756
"Chihuahua","Mexico",925762,1437,28.63528,-106.08889
"Kota Kinabalu","Malaysia",500421,5,5.9749,116.0724
"Mogadishu","Somalia",2587183,12,2.03711,45.34375
"Homs","Syrian Arab Republic",775404,513,34.72682,36.72339
"Banqiao","Taiwan, China",543342,12,25.01427,121.46719
"Indianapolis","United States",887642,248,39.76838,-86.15804
"Barnaul","Russian Federation",632372,189,53.36056,83.76361
"Buraydah","Saudi Arabia",745353,606,26.32599,43.97497
"Los Angeles","United States",3898747,96,34.05223,-118.24368
"Thuận An","Viet Nam",588616,24,10.9239,106.71428
"Sanaa","Yemen",1937451,2253,15.35472,44.20667
"Pretoria","South Africa",1619438,1332,-25.74486,28.18783
"Pietermaritzburg","South Africa",750845,636,-29.61679,30.39278
"Xiaogan","China",908266,35,30.92689,113.92221
"Taicang","China",831113,4,31.44778,121.09389
"Luoyang","China",1390581,149,34.68361,112.45361
"Guiyang","China",3037159,1087,26.58333,106.71667
"Ganzhou","China",1977253,117,25.84664,114.9326
"Shangyu","China",770000,13,30.01556,120.87111
"Lianyungang","China",2001009,1,34.59845,119.21556
"Al Mansurah","Egypt",621953,15,31.03637,31.38069
"Sevilla","Spain",684234,16,37.38283,-5.97317
"Madrid","Spain",3255944,665,40.4165,-3.70256
"São Paulo","Brazil",12400232,769,-23.5475,-46.63611
"Nairobi","Kenya",4397073,1684,-1.28333,36.81667
"Tlaquepaque","Mexico",575942,1581,20.64091,-103.29327
"Genoa","Italy",580097,17,44.40478,8.94439
"Kingston","Jamaica",937700,65,17.99702,-76.79358
"Jambi City","Indonesia",606200,21,-1.6,103.61667
"Rājkot","India",1390640,140,22.29161,70.79322
"Pune","India",3124458,554,18.51957,73.85535
"Ludhiāna","India",1545368,256,30.91204,75.85379
"Jamshedpur","India",1339438,171,22.80278,86.18545
"Bhiwandi","India",874032,9,19.30023,73.05881
"Erbil","Iraq",1612700,412,36.18333,44.01193
"Dehra Dūn","India",522081,664,30.32443,78.03392
"Bhubaneswar","India",837000,62,20.27241,85.83385
"Ahvaz","Iran, Islamic Rep. of",841145,23,31.31901,48.6842
"Matsuyama","Japan",509835,28,33.83916,132.76574
"San Diego","United States",1394928,20,32.71571,-117.16472
"Beira","Mozambique",687764,6,-19.84361,34.83889
"Katsina","Nigeria",670000,519,12.99082,7.60177
"Amsterdam","Netherlands",741636,13,52.37403,4.88969
"Novokuznetsk","Russian Federation",539616,208,53.7557,87.1099
"Medina","Saudi Arabia",1300000,603,24.46861,39.61417
"Palembang","Indonesia",1668848,5,-2.91673,104.7458
"İzmir","Turkey",2500603,122,38.41273,27.13838
"Zhenjiang","China",950516,26,32.21086,119.45508
"Zhaotong","China",787845,1974,27.31667,103.71667
"Yantai","China",2227733,22,37.47649,121.44081
"Weifang","China",2044028,30,36.71,119.10194
"Tianjin","China",11090314,11,39.14222,117.17667
"Suzhou","China",1647642,34,33.63611,116.97889
"Shaoxing","China",2300000,21,30.00237,120.57864
"Hangzhou","China",9236032,12,30.29365,120.16142
"Mudanjiang","China",665915,254,44.54804,129.62594000000001
"Datong","China",1850000,1054,40.09361,113.29139
"Anshan","China",1450000,55,41.12361,122.99
"Salvador","Brazil",2711840,4,-12.97563,-38.49096
"Campo Grande","Brazil",906092,592,-20.44278,-54.64639
"Porto Velho","Brazil",548952,90,-8.76194,-63.90389
"Cabinda","Angola",550000,3,-5.56717,12.19787
"Tshikapa","Congo, Democratic Republic of the",634529,484,-6.41621,20.79995
"Likasi","Congo, Democratic Republic of the",635768,1288,-10.98303,26.7384
"Kolwezi","Congo, Democratic Republic of the",790248,1485,-10.71484,25.46674
"Marseille","France",870731,28,43.29695,5.38107
"Lyon","France",522969,173,45.74846,4.84671
"Suez","Egypt",699541,11,29.97371,32.52627
"Giza","Egypt",4367343,19,30.00944,31.20861
"Kumasi","Ghana",2544530,270,6.68848,-1.62443
"Suwon","Korea, Republic of",1241311,58,37.29111,127.00889
"Incheon","Korea, Republic of",2954955,43,37.45646,126.70515
"Hwaseong-si","Korea, Republic of",640890,19,37.20682,126.8169
"Changwon","Korea, Republic of",1025702,27,35.22806,128.68111
"Bamako","Mali",4227569,338,12.65,-8
"Gustavo Adolfo Madero","Mexico",1185772,2284,19.49392,-99.11075
"Acapulco de Juárez","Mexico",673479,16,16.84942,-99.90891
"Torreón","Mexico",735340,1124,25.54389,-103.41898
"Tucson","United States",531641,757,32.22174,-110.92648
"Denver","United States",715522,1636,39.73915,-104.9847
"Cần Thơ","Viet Nam",812088,3,10.03711,105.78825
"Taiz","Yemen",615222,1316,13.57952,44.02091
"Tembisa","South Africa",511655,1577,-25.99636,28.2268
"Naples","Italy",909048,14,40.85216,14.26811
"Aguascalientes","Mexico",722250,1882,21.88234,-102.28259
"Kuala Lumpur","Malaysia",1453975,56,3.1412,101.68653
"Warri","Nigeria",910000,6,5.51737,5.75006
"Hamamatsu","Japan",791707,3,34.7,137.73333
"Cheongju-si","Korea, Republic of",846291,49,36.63722,127.48972
"Iztapalapa","Mexico",1815786,2238,19.35529,-99.06224
"Peshawar","Pakistan",1218773,340,34.008,71.57849
"Kraków","Poland",755050,219,50.06143,19.93658
"Belgrade","Serbia",1273651,120,44.80401,20.46513
"Tolyatti","Russian Federation",702879,92,53.5303,49.3461
"Omsk","Russian Federation",1172070,90,54.99244,73.36859
"Ta’if","Saudi Arabia",688693,1672,21.27028,40.41583
"Mississauga","Canada",668549,159,43.5789,-79.6583
"Montréal","Canada",1762949,216,45.50884,-73.58781
"Yerevan","Armenia",1093485,994,40.18111,44.51361
"Melbourne","Australia",4917750,25,-37.814,144.96332
"Puente Alto","Chile",568106,700,-33.61169,-70.57577
"Zhumadian","China",721670,89,32.97944,114.02944
"Zhengzhou","China",4253913,104,34.75778,113.64861
"Ya'an","China",612056,591,29.98521,102.999
"Xianyang","China",1034081,387,34.33778,108.70261
"Weihai","China",844310,14,37.50914,122.11356
"Pingdingshan","China",979130,88,33.73847,113.30119
"Bengbu","China",972784,31,32.94083,117.36083000000001
"Shaoyang","China",753194,243,27.23818,111.46214
"Zhangjiakou","China",692602,744,40.78341,114.87139
"Liaoyang","China",687890,33,41.27194,123.17306
"Jinzhou","China",604269,26,41.10778,121.14167
"Medellín","Colombia",1999979,1500,6.25184,-75.56359
"Ghāziābād","India",1199191,214,28.66535,77.43915
"Cochin","India",604696,9,9.93988,76.26022
"Ahmedabad","India",6357693,56,23.02579,72.58727
"As Sulaymānīyah","Iraq",878146,847,35.56496,45.4329
"Hamadān","Iran, Islamic Rep. of",528256,1820,34.79922,48.51456
"Kagoshima","Japan",595049,6,31.56667,130.55
"Stockholm","Sweden",1515017,17,59.32938,18.06871
"San Salvador","El Salvador",525990,653,13.68935,-89.18718
"Ryazan’","Russian Federation",538962,102,54.6269,39.6916
"Khabarovsk Vtoroy","Russian Federation",578303,59,48.43776,135.13329
"Ciudad Guayana","Venezuela, Bolivarian Rep. of",950000,103,8.35122,-62.64102
"Ho Chi Minh City","Viet Nam",8993082,7,10.82302,106.62965
"Al Ḩudaydah","Yemen",617871,10,14.79781,42.95452
"Soweto","South Africa",1695047,1632,-26.26781,27.85849
"Benoni","South Africa",605344,1641,-26.18848,28.32078
"Barcelona","Venezuela, Bolivarian Rep. of",815141,8,10.13625,-64.68618
"Tiruppur","India",963173,305,11.11541,77.35456
"Kozhikode","India",550440,9,11.24802,75.7804
"Āsansol","India",504271,119,23.68333,86.98333
"Kerman","Iran, Islamic Rep. of",577514,1760,30.28321,57.07879
"Baoshan","China",935618,1680,25.11626,99.16366
"Yixing","China",1285785,8,31.36059,119.82016
"Wuzhou","China",761948,51,23.48054,111.28848
"Wanxian","China",859662,232,30.81601,108.37407
"Qinzhou","China",1296300,12,21.98247,108.65061
"Wuwei","China",1010295,1542,37.92672,102.63202
"Hefei","China",5050000,24,31.86389,117.28083
"Handan","China",1358318,61,36.60999,114.48764
"Jiangyin","China",1779515,7,31.91102,120.26302
"Sorocaba","Brazil",687357,602,-23.50167,-47.45806
"Córdoba","Argentina",1317298,395,-31.4135,-64.18105
"Pointe-Noire","Congo",1032000,12,-4.77609,11.86352
"Brazzaville","Congo",1982000,284,-4.26613,15.28318
"Aktobe","Kazakhstan",500757,210,50.27969,57.20718
"Chisinau","Moldova, Republic of",635994,55,47.00556,28.8575
"Caloocan City","Philippines",1500000,6,14.64953,120.96788
"Wrocław","Poland",634893,119,51.1,17.03333
"Gombe","Nigeria",560000,460,10.28969,11.16729
"Oslo","Norway",580000,26,59.91273,10.74609
"Nashville","United States",689447,171,36.16589,-86.78444
"Maracaibo","Venezuela, Bolivarian Rep. of",2225000,40,10.66663,-71.61245
"Lusaka","Zambia",1267440,1277,-15.40669,28.28713
"Anyang-si","Korea, Republic of",595644,52,37.3925,126.92694
"Palermo","Italy",648260,20,38.1166,13.3636
"Chiclayo","Peru",552508,35,-6.77137,-79.84088
"Erode","India",521891,170,11.3428,77.72741
"Mumbai","India",12691836,8,19.07283,72.88261
"Nasiriyah","Iraq",558400,7,31.05799,46.25726
"Kahrīz","Iran, Islamic Rep. of",766706,1302,34.3838,47.0553
"Kitakyushu","Japan",940978,57,33.85181,130.85034
"Cochabamba","Bolivia",841276,2577,-17.3895,-66.1568
"Recife","Brazil",1653461,8,-8.05389,-34.88111
"Contagem","Brazil",627123,945,-19.93167,-44.05361
"Campinas","Brazil",1031554,686,-22.90556,-47.06083
"Rājshāhi","Bangladesh",763580,23,24.374,88.60114
"Rangpur","Bangladesh",1031388,36,25.74664,89.25166
"Aksu","China",535657,1119,41.18418,80.27921
"Zigong","China",1262064,306,29.34162,104.77689
"Kunshan","China",2092496,10,31.37762,120.95431
"Yichang","China",1350150,63,30.71444,111.28472
"Sanming","China",602166,126,26.24861,117.61861
"Guang’an","China",858159,244,30.47413,106.63696
"Nantong","China",2273326,6,32.03028,120.87472
"Ma’anshan","China",741531,24,31.68579,118.51008
"Jingzhou","China",1052282,39,30.35028,112.19028
"Fuzhou","China",1089888,53,27.95999,116.33333
"Dongying","China",998968,6,37.46271,118.49165
"Fushun","China",1400646,85,41.88669,123.94363
"Changshu","China",1677050,9,31.64615,120.74221
"Bayan Nur","China",1760000,1041,40.74143,107.38599
"Barranquilla","Colombia",1206319,24,10.96854,-74.78132
"Prague","Czech Republic",1165581,202,50.08804,14.42076
"Dortmund","Germany",588462,96,51.51494,7.466
"Oran","Algeria",803329,118,35.69906,-0.63588
"Zaragoza","Spain",675301,214,41.65606,-0.87734
"Stuttgart","Germany",630305,252,48.78232,9.17702
"Tbilisi","Georgia",1049498,491,41.69411,44.83368
"Surakarta","Indonesia",522364,100,-7.55611,110.83167
"Banjarmasin","Indonesia",657663,8,-3.31987,114.59075
"Victoria","Hong Kong, China",956800,31,22.2875,114.14417
"Quetta","Pakistan",733675,1683,30.18414,67.00141
"Latakia","Syrian Arab Republic",709000,29,35.53168,35.79011
"Ashgabat","Turkmenistan",727700,219,37.95,58.38333
"Tainan","Taiwan, China",771235,26,22.99083,120.21333
"Milan","Italy",1371498,127,45.46427,9.18951
"Bucheon-si","Korea, Republic of",850731,14,37.49889,126.78306
"Tangier","Morocco",1035141,20,35.76727,-5.79975
"Nay Pyi Taw","Myanmar",925000,122,19.745,96.12972
"Athens","Greece",664046,84,37.98376,23.72784
"Jakarta","Indonesia",8540121,16,-6.21462,106.84513
"Denpasar","Indonesia",725314,33,-8.65,115.21667
"Batam","Indonesia",1164352,38,1.14937,104.02491
"Ulhasnagar","India",516584,10,19.21667,73.15
"Tijuana","Mexico",1922523,97,32.5027,-117.00371
"Faridabad","India",1220229,209,28.41124,77.31316
"Kolkata","India",4631392,11,22.56263,88.36304
"Karbala","Iraq",1218732,32,32.61603,44.02488
"Kawaguchi","Japan",607373,6,35.80521,139.71072
"Yangzhou","China",1584237,14,32.39722,119.43583
"Shangrao","China",1116486,84,28.45179,117.94287
"Xinzhou","China",544683,794,38.40917,112.73333
"Xingtai","China",798770,76,37.06306,114.49417
"Xiangyang","China",1294733,71,32.0422,112.14479
"Qujing","China",1408500,1887,25.48333,103.78333
"Pingdu","China",542234,59,36.78444,119.94639
"Nanning","China",3839800,91,22.81667,108.31667
"Huainan","China",1666826,47,32.62639,116.99694
"Binzhou","China",682717,14,37.36667,118.01667
"Yueyang","China",991465,43,29.37455,113.09481
"Fuxin","China",689050,142,42.01556,121.65889
"Liupanshui","China",1320825,1799,26.59444,104.83333
"Havana","Cuba",2163824,41,23.13302,-82.38304
"Bujumbura","Burundi",769317,807,-3.38193,29.36142
"São Luís","Brazil",917237,29,-2.52972,-44.30278
"Mazār-e Sharīf","Afghanistan",523300,361,36.70904,67.11087
"Mar del Plata","Argentina",593337,14,-38.00042,-57.5562
"Salta","Argentina",520683,1183,-24.7859,-65.41166
"Québec","Canada",531902,54,46.81228,-71.21454
"Dhaka","Bangladesh",10356500,23,23.7104,90.40744
"Jos","Nigeria",1040000,1186,9.92849,8.89212
"Ile-Ife","Nigeria",560000,295,7.4824,4.56032
"Ibadan","Nigeria",3649000,181,7.37756,3.90591
"Managua","Nicaragua",973087,108,12.13282,-86.2504
"Ufa","Russian Federation",1120547,158,54.74306,55.96779
"Mecca","Saudi Arabia",1578722,333,21.42664,39.82563
"Rawalpindi","Pakistan",1743101,501,33.59733,73.0479
"Karachi","Pakistan",11624219,8,24.8608,67.0104
"Boston","United States",675647,38,42.35843,-71.05977
"Freetown","Sierra Leone",802639,38,8.48714,-13.2356
"Ankara","Turkey",3517182,874,39.91987,32.85427
"Esenler","Turkey",520235,72,41.0435,28.87619
"Çankaya","Turkey",792189,889,39.9179,32.86268
"Fresno","United States",520052,99,36.74773,-119.77237
"Singapore","Singapore",5638700,23,1.28967,103.85007
"Konya","Turkey",1390051,1030,37.87135,32.48464
"Odesa","Ukraine",1015826,34,46.48572,30.74383
"Perm","Russian Federation",982419,149,58.01046,56.25017
"Jeddah","Saudi Arabia",4697000,7,21.49012,39.18624
"Memphis","United States",633104,84,35.14953,-90.04898
"Fort Worth","United States",918915,203,32.72541,-97.32085
"Asmara","Eritrea",563930,2334,15.33805,38.93184
"Barcelona","Spain",1620343,47,41.38879,2.15899
"South Tangerang","Indonesia",1365688,39,-6.28862,106.71789
"Tirunelveli","India",1435844,49,8.72742,77.6838
"Thāne","India",1261517,23,19.19704,72.96355
"Sholapur","India",997281,473,17.67152,75.91044
"Najafgarh","India",1365000,215,28.60922,76.97982
"Liverpool","United Kingdom",864122,30,53.41058,-2.97794
"Delhi","India",10927986,227,28.65195,77.23149
"Borivli","India",609617,22,19.23496,72.85976
"Zhabei","China",840000,10,31.25861,121.45972
"Mianyang","China",1550000,471,31.46784,104.68168
"Liaocheng","China",1229768,32,36.45064,116.00247
"Jiaozhou","China",619266,10,36.28389,120.00333
"Guilin","China",1572300,141,25.28022,110.29639
"Chaozhou","China",1750945,23,23.65396,116.62262
"Panzhihua","China",787177,1101,26.58509,101.71276
"Bucaramanga","Colombia",581130,993,7.12539,-73.1198
"Macapá","Brazil",512902,17,0.03889,-51.06639
"Belo Horizonte","Brazil",2721564,872,-19.92083,-43.93778
"Makati City","Philippines",510383,25,14.55027,121.03269
"Poznań","Poland",570352,69,52.40692,16.92993
"Marrakesh","Morocco",995871,457,31.63416,-7.99994
"Santiago de Querétaro","Mexico",1594212,1826,20.58806,-100.38806
"Niamey","Niger",1323691,206,13.51366,2.1098
"Sokoto","Nigeria",1040000,296,13.06269,5.24322
"Abuja","Nigeria",2690000,476,9.05785,7.49508
"Aba","Nigeria",1160000,64,5.10658,7.36667
"Niigata","Japan",797591,1,37.92259,139.04125
"Oklahoma City","United States",681054,395,35.46756,-97.51643
"The Bronx","United States",1385108,19,40.849850000000004,-73.86641
"San Jose","United States",1026908,23,37.33939,-121.89496
"Samarkand","Uzbekistan",513572,719,39.65417,66.95972
"Da Nang","Viet Nam",988561,11,16.06778,108.22083
"Uberlândia","Brazil",563536,867,-18.91861,-48.27722
"Rio de Janeiro","Brazil",6747815,12,-22.90642,-43.18223
"Ribeirão Preto","Brazil",711825,554,-21.1775,-47.81028
"Curitiba","Brazil",1948626,924,-25.42778,-49.27306
"Herāt","Afghanistan",574300,927,34.34817,62.19967
"Vienna","Austria",1691468,193,48.20849,16.37208
"Trujillo","Peru",919899,31,-8.11599,-79.02998
"Tuen Mun","Hong Kong, China",507900,7,22.39175,113.97157
"Surabaya","Indonesia",2874314,8,-7.24917,112.75083
"Visakhapatnam","India",1063178,24,17.68009,83.20161
"Rourkela","India",536450,195,22.22496,84.86414
"Dhanbad","India",1196214,247,23.79759,86.42992
"Bokāro","India",564319,209,23.66934,86.15161
"Tabriz","Iran, Islamic Rep. of",1424641,1396,38.08,46.2919
"Mashhad","Iran, Islamic Rep. of",2307177,980,36.29807,59.60567
"Yibin","China",836340,323,28.7593,104.63994
"Tai’an","China",1735425,143,36.18528,117.12
"Sanmenxia","China",669307,348,34.77472,111.18139
"Rui’an","China",927383,4,27.77605,120.65859
"Ningbo","China",3731203,15,29.87819,121.54945
"Jiujiang","China",1164268,41,29.70475,116.00206
"Jiaozuo","China",865413,138,35.23972,113.23306
"Jiangmen","China",1795459,11,22.58333,113.08333
"Huizhou","China",2900113,25,23.11147,114.41523
"Changzhi","China",1214940,937,36.18389,113.10528
"Fuzhou","China",3740000,14,26.06139,119.30611
"Dazhou","China",1589435,292,31.2106,107.46308
"Harbin","China",5242897,140,45.75,126.65
"Kleinzschocher","Germany",597493,117,51.31568,12.31979
"Madīnat an Naşr","Egypt",668413,47,30.06667,31.3
"Tripoli","Libyan Arab Jamahiriya",1302947,15,32.88743,13.18733
"Salé","Morocco",972299,34,34.0531,-6.79846
"Cuauhtémoc","Mexico",531831,2237,19.44506,-99.14612
"Zapopan","Mexico",1476491,1568,20.72356,-103.38479
"Bangkok","Thailand",5104476,12,13.75398,100.50144
"Kaohsiung","Taiwan, China",1519711,9,22.61626,120.31333
"Izhevsk","Russian Federation",648213,166,56.84976,53.20448
"Tomsk","Russian Federation",574002,117,56.49771,84.97437
"Najrān","Saudi Arabia",505652,1310,17.49326,44.12766
"Davao","Philippines",1776949,13,7.07306,125.61278
"Sargodha","Pakistan",542603,187,32.08586,72.67418
"Islamabad","Pakistan",601600,579,33.72148,73.04329
"Saitama","Japan",1324854,16,35.90807,139.65657
"Mandalay","Myanmar",1208099,83,21.97473,96.08359
"Macau","Macau, China",649335,22,22.20056,113.54611
"Nampula","Mozambique",770379,431,-15.11646,39.2666
"Lagos","Nigeria",15388000,11,6.45407,3.39467
"Ilorin","Nigeria",1080000,320,8.49664,4.54214
"Zhaoqing","China",1553109,16,23.04893,112.46091
"Xianning","China",512517,30,29.84347,114.32201
"Wuxi","China",4396835,10,31.56887,120.28857000000001
"Taizhou","China",1607108,10,32.49069,119.90812
"Suqian","China",1437685,23,33.94917,118.29583
"Meishan","China",1107742,423,30.04392,103.83696
"Changzhou","China",3290918,9,31.77359,119.95401
"Tonghua","China",510000,375,41.71972,125.92639
"Hezhou","China",1005490,106,24.40357,111.56675
"Gujranwala","Pakistan",1384471,230,32.15567,74.18705
"Nizhniy Novgorod","Russian Federation",1259013,141,56.32867,44.00205
"Moscow","Russian Federation",10381222,144,55.75222,37.61556
"Omdurman","Sudan, The Republic of",1200000,391,15.64453,32.47773
"Khartoum","Sudan, The Republic of",1974647,381,15.55177,32.53241
"Queens","United States",2272771,13,40.68149,-73.83652
"Caracas","Venezuela, Bolivarian Rep. of",3000000,887,10.48801,-66.87919
"Biên Hòa","Viet Nam",830829,6,10.94469,106.82432
"Durban","South Africa",3120282,21,-29.8579,31.0292
"Großzschocher","Germany",597493,124,51.30147,12.32322
"Djibouti","Djibouti",626512,6,11.58901,43.14503
"Ouagadougou","Burkina Faso",2415266,299,12.36566,-1.53388
"Santa Cruz de la Sierra","Bolivia",1831434,433,-17.78629,-63.18117
"Duque de Caxias","Brazil",818329,15,-22.78556,-43.31167
"Coimbatore","India",2136916,425,11.00555,76.96612
"Chandīgarh","India",960787,351,30.73629,76.7884
"Amritsar","India",1092450,244,31.62234,74.87534
"Arāk","Iran, Islamic Rep. of",503647,1738,34.09493,49.69809
"Hiroshima","Japan",1199391,16,34.4,132.45
"San Pedro Sula","Honduras",801259,92,15.50417,-88.025
"Mysore","India",868313,757,12.29791,76.63925
"Kandahār","Afghanistan",523300,1007,31.61332,65.71013
"Lubango","Angola",600751,1760,-14.91717,13.4925
"Gold Coast","Australia",640778,12,-28.00029,153.43088
"Chiba","Japan",979768,5,35.6,140.11667
"Sapporo","Japan",1973832,26,43.06667,141.35
"Kimhae","Korea, Republic of",550758,13,35.23417,128.88111
"Cheonan","Korea, Republic of",666417,40,36.8065,127.1522
"San Luis Potosí","Mexico",722772,1875,22.14982,-100.97916
"Culiacán","Mexico",808416,95,24.79032,-107.38782
"Kaduna","Nigeria",1850000,626,10.52641,7.43879
"Ebute Ikorodu","Nigeria",535619,4,6.60086,3.48818
"Benin City","Nigeria",1782000,88,6.33815,5.62575
"Hong Kong","Hong Kong, China",7491609,60,22.27832,114.17469
"Pekanbaru","Indonesia",1085000,19,0.51667,101.44167
"Malang","Indonesia",843810,452,-7.9797,112.6304
"Jerusalem","Israel",971800,786,31.76904,35.21633
"Patna","India",1599920,53,25.59408,85.13563
"Kanpur","India",2823249,137,26.46523,80.34975
"Indore","India",1837041,550,22.71792,75.8333
"Osaka","Japan",2753862,4,34.69379,135.50107
"Honchō","Japan",644668,11,35.70129,139.98648
"Phoenix","United States",1608139,366,33.44838,-112.07404
"Pristina",NA,550000,597,42.67272,21.16688
"Yaroslavl","Russian Federation",608722,103,57.62987,39.87368
"Orenburg","Russian Federation",564773,107,51.7727,55.0988
"Kazan","Russian Federation",1243500,61,55.78874,49.12214
"Tyumen","Russian Federation",768358,81,57.15222,65.52722
"Kigali","Rwanda",1132686,1542,-1.94995,30.05885
"General Santos","Philippines",697315,22,6.11278,125.17167
"Diyarbakır","Turkey",1791373,674,37.91363,40.21721
"Santiago","Chile",4837295,556,-33.45694,-70.64827
"Zunyi","China",2037775,867,27.68667,106.90722
"Zhoukou","China",505171,54,33.63333,114.63333
"Zhanjiang","China",1400709,16,21.23391,110.38749
"Wenzhou","China",2650000,10,27.99942,120.66682
"Luohe","China",1294974,62,33.56394,114.04272
"Kunming","China",3855346,1895,25.03889,102.71833
"Cixi","China",1457510,11,30.1764,121.2457
"Hanzhong","China",1006557,517,33.07507,107.02214
"Guangzhou","China",16096724,15,23.11667,113.25
"Goiânia","Brazil",1536097,766,-16.67861,-49.25389
"Mbuji-Mayi","Congo, Democratic Republic of the",2101332,621,-6.13603,23.58979
"Munich","Germany",1260391,524,48.13743,11.57549
